{
    "foo": 4.822658018954716,
    "bar": 4.655758787633966,
    "step": 4
}