step	bar
0	0.3017228102520446
1	1.8806078268884066
2	2.470126056860037
3	3.358126510692393
4	4.655758787633966
