step	foo
0	0.7159741134405695
1	1.5023622161909558
2	2.120464269992107
3	3.165150369723845
4	4.822658018954716
